Post Time,Post Title,Post Score,Post Text
2021-01-31 23:11:50,"SRNE - New 1/31/21 PR; 30% SHORT INTEREST, 70 MILLION SHARES SHORT, SHOW THE FUCK UP",1,"News tonight: they're 4 for 4 getting serious COVID patients out of hospitals.  These are people who would have otherwise died.

[https://investors.sorrentotherapeutics.com/news-releases/news-release-details/update-012621-covi-msctm-press-release-fourth-patient-also](https://investors.sorrentotherapeutics.com/news-releases/news-release-details/update-012621-covi-msctm-press-release-fourth-patient-also)

Despite saving lives, the company has a staggering 70 mill short interest against a 263 mill share float [https://www.nasdaq.com/market-activity/stocks/srne/short-interest](https://www.nasdaq.com/market-activity/stocks/srne/short-interest) .  To boot, 60% of shares are held by insiders + institutions.

GET THE FUCK IN HERE FOR THE SQUEEZE ON MONDAY.  WE ARE OFF ROBINHOOD'S FUCKING BULLSHIT HIT LIST."
2021-01-31 23:07:30,Letâ€™s here it for the little guys! HOLD and BUY!,51,
2021-01-31 23:07:10,Some DD on $BBğŸš€ğŸš€,46,"Chamath told the world there's real research on Reddit. Here's real research on Reddit.

Side note GME to the MOON ğŸš€

**v2 EDIT:** [https://drive.google.com/file/d/1YmBTtxxoAxW2l1cDTCKJzqsxpT7sL4j7/view?usp=sharing](https://drive.google.com/file/d/1YmBTtxxoAxW2l1cDTCKJzqsxpT7sL4j7/view?usp=sharing)

credit to u/smahd55

\-------

This report will discuss the current and future state of Blackberry Ltd (â€œ**Blackberry**â€) and its business viability. Too long has the cycle of research been held in the hands of big banks that are incentivized to publish aggressive price targets at the point of a transaction. Too long have buy-side institutions been caged inside an investment parameter that is geared towards accumulating capital than growing it.

We will be discussing Blackberryâ€™s product suite and its defensibility in their respective ecosystems, what value Blackberry brings to the world and various valuation metrics to justify a price target of over CAD$100.

The Blackberry product suite is largely deployed in hi-tech environments with sophisticated buyers seeking the highest security uncompromising in the sight of an indelicate user interface. This includes both its cybersecurity and QNX platforms.

QNX is vital to the self-driving ecosystem and will be the de-facto operating system at the point of multiple catalysts. This includes the first approved autopilot system in any jurisdiction, the first cybersecurity attack on a connected vehicle non QNX related and diamond handed people in WSB.

\-----------------

Shoutouts:

[u/justaneverydaylife](https://www.reddit.com/u/justaneverydaylife/), [u/987djf3498dwesrf](https://www.reddit.com/u/987djf3498dwesrf/), [u/MoveSwiftly](https://www.reddit.com/u/MoveSwiftly/), [u/fresh\_ny](https://www.reddit.com/u/fresh_ny/), [u/justkiddingflipflop](https://www.reddit.com/u/justkiddingflipflop/)

This is a continuation of what I've posted in other threads, notably here: [https://www.reddit.com/r/BB\_Stock/comments/l8xy6k/blackberry\_the\_most\_important\_company\_in\_the/](https://www.reddit.com/r/BB_Stock/comments/l8xy6k/blackberry_the_most_important_company_in_the/) and [https://www.reddit.com/r/RedditTickers/comments/l8xjg2/blackberry\_the\_most\_important\_company\_in\_the/](https://www.reddit.com/r/RedditTickers/comments/l8xjg2/blackberry_the_most_important_company_in_the/)

**Disclaimer -** Not investment advice etc. Not an advisor. Do your own DD. I own positions in BB and may change anytime I like."
2021-01-31 22:59:09,Robinhood is toast....Fidelity massive transfer volume,261,"For what it's worth...

This morning I called up Fidelity because I wanted to make sure my extended hours trading was enabled on my account...took 90 minutes on hold to get through.  Apparently, they are slammed over at Fidelity, I asked the gal on the phone what's it been like today...she said because of all this stuff with Robinhood, they're looking at +700% daily volume for transferring accounts, which is quite amazing.

Happy hunting! 

WE LIKE THE STOCK!

STICK IT TO THE MAN!"
2021-01-31 22:58:06,GME GO BRRRRR... ğŸš€ğŸš€ğŸš€ğŸš€,151,
2021-01-31 22:56:36,"Publically Reported Major Hedge Fund Losses as of 1/29, back of the napkin math",92,"Known Hedge Fund Losses as of 1/29

Point72 - \~$19 billion AUM \* -15% ([https://markets.businessinsider.com/news/stocks/gamestop-stock-traders-reportedly-driven-loss-steve-cohens-fimr-point72-2021-1-1030015737](https://markets.businessinsider.com/news/stocks/gamestop-stock-traders-reportedly-driven-loss-steve-cohens-fimr-point72-2021-1-1030015737)))

\- Estimated losses = $2.85 billion

D1 Capital - \~$20 billion AUM \* -20% ([https://www.bloomberg.com/news/articles/2021-01-28/dan-sundheim-s-20-billion-d1-capital-loses-about-20-this-month](https://www.bloomberg.com/news/articles/2021-01-28/dan-sundheim-s-20-billion-d1-capital-loses-about-20-this-month))

\- Estimated losses = $4 billion

Maplelane Capital - $3.5 billion AUM \* -33% ([https://www.bloomberg.com/news/articles/2021-01-27/hedge-fund-maplelane-loses-about-33-on-short-bets-this-month](https://www.bloomberg.com/news/articles/2021-01-27/hedge-fund-maplelane-loses-about-33-on-short-bets-this-month))

\- Estimated losses = $1.15 billion

Candlestick Capital - $3 billion AUM \* -15-17% ([https://finance.yahoo.com/news/reddit-hedge-fund-battle-loser-173710825.html](https://finance.yahoo.com/news/reddit-hedge-fund-battle-loser-173710825.html), ""fell at a low- to mid-teens range"")

\- Estimated losses = $450 to $510 million

Melvin Capital - $12.5 billion AUM \* -53% ([https://www.wsj.com/articles/melvin-capital-lost-53-in-january-hurt-by-gamestop-and-other-bets-11612103117](https://www.wsj.com/articles/melvin-capital-lost-53-in-january-hurt-by-gamestop-and-other-bets-11612103117))

\- Estimated losses = $6.62 billion

**Total known major hedge fund losses = \~$15 billion**

These are just the ones that we know of from financial media. Hold GME."
2021-01-31 22:55:44,Yeah right! We know who your masters are!,149,
2021-01-31 22:55:02,"23 years old, just graduated college and could be debt free if I sold. But I want to be debt free, and rich. Lick my nuts Gabe.ğŸ’ğŸ¤²ğŸš€ğŸŒ™",265,
2021-01-31 22:53:33,When my friends ask if I exercise.,135,
2021-01-31 22:52:35,How to cement the WSB legend,183,"To my degenerates, 

We are currently a part of one of the most historical times in the history of the stock market. Now, it is incredibly evident how they will try to make us seem. We are a bunch of fucking degenerates. I mean, a lot of you get off on losing tens of thousands of dollars only to YOLO another weekly on a Thursday night. I get why the media would resent us, the corporations/hedge funds suckle from their teet so they take easy shots. Even though these hedge funds ARE CLEARLY in the wrong. 

We have shown there is strength in numbers and with 7.5M of us, what if we take a small portion of our profits and we create a thread to show, how we took our tendies from this (**WHEN IT IS OVER OFC**) to make the world a little bit better. You could use this post to make it or another, it does not matter. 

**Think about how the narrative could be. A group of Redditors beat the hedge funds and then immediately proceed to give their money back to charities/communities/etc doing more for the world than most hedge funds have ever done. Now picture this, with 7.5M+ of us, if we all donate $125 (an amount I think is doable if you are not paper-handed) that would conveniently be more than a billion dollars given to charities.** Yeah, a billion. While the media and hedge funds are bitching about how these hedge funds lost billions of dollars, here we are: ""a bunch of so-called degenerates putting billions of dollars into charities."" Now it is one thing to tell your kids one day, ""yeah I made a killing during the short squeeze of the millennia,"" but I was a part of something which gave a BILLION dollars to charity. The media would not be able to handle it. We have them on the ropes. Let's bite their fucking ear off while we are at it! 

I will see you all on the other side. **Let's show the world we can not only change the world for ourselves with the stock market but for others!** Thank you for everything you have done for my family. Let's change the world for the better.

\-Sc00b"
2021-01-31 22:51:38,Hedge Funds probably,148,
2021-01-31 22:51:04,Was driving and thinking what our next goal is. Nuff said,204,
2021-02-01 01:35:05,"I didnâ€™t sell at $25 a share, thatâ€™s because of these ğŸ’ğŸ™ŒğŸ» ğŸš€ğŸª NEVER SELLING",28,
2021-02-01 01:34:51,"GME S3 data says shorts are closing their position, but the squeeze has not squoze... anyone explain?",1,"Via ""is the squeeze squoze?"":

&#x200B;

* **short interest:** 30m (58% of float) by S3 Shortsight  preliminary weekend data (1/31), 113.31m (113.31% of float) by S3  Shortsight (1/29), 38.6m (65.64% of float) by Ortex (1/28)  
 
* **short share public availability:** 0 (Interactive Brokers)  
 
* **short share public public borrow rate:** 18.88 (Interactive Brokers)  
 
* Shorts appear to be exiting their positions. There's a lot of speculation about how this is happening, or         whether it is truly happening at all - there are tactics that can be used to ""counterfeit"" stock or manipulate         disclosed short short interest - but the short interest numbers we've been following all along are definitely         trending down.       
* how often is this site updated? As often as the data is updated. Typically this is daily, before market open.   
*    [https://isthesqueezesquoze.com/](https://isthesqueezesquoze.com/)

&#x200B;

Any autistis out there with a good theory as to how the shorts that were closed will effect GME stock price?  Mathamatically were they able to dump a bunch of shorts during Thursday when trading was haulted and there was a lag in the indicator? Or did they unload them illegally? Did they unload some during the short ladder attack?  Is there such thing as an option short ladder attack? did they do that?

&#x200B;

Just pondering over here... Someone truly autistic help. Like Rainman..."
2021-02-01 01:31:04,GameStop DD May have 300 Million Total Shares- Be Careful,0,"GameStop has about 70 million total shares publicly traded today. 

However, their articles incorporation have an amendment that occurred in 2005 allowing them to authorize up to 300 million shares of Class A Common stock. See link: [https://www.sec.gov/Archives/edgar/data/1326380/000119312513364182/d569889dex31.htm](https://www.sec.gov/Archives/edgar/data/1326380/000119312513364182/d569889dex31.htm)

Item Four

Even if this was not available or was outdated I would say there is nearly 100% chance that GameStop will attempt to raise more capital at their new high valuation in one form or another (stock, bonds, combination, etc).

**Why?**

As a company that is in desperate need of a capital infusion, they need money. A year ago they were with $200 Million, today they can raise 10x that in a few days by issuing authorized shares and then their company probably has a real long-term shot. 

For them, this is a lifeline and a way that their company has a real chance to be more than a $20 Billion meme. 

This could allow the short sellers to buy back their positions and also lower the price. 

Not saying that it will tank the stock but certainly be aware of the possibility. 

Not financial advice, I just pound keys and random words come out because I broke my crayons.  

Game on."
2021-02-01 01:26:51,"Weâ€™re about to takeoff retards, yes yes, AMC is also with us! ğŸš€ğŸš€ğŸš€ Destination: tendie land",290,
2021-02-01 01:26:48,Imagine paying a billionaire to manage your money who can barely make 8% returns,98,
2021-02-01 01:25:07,My GameStop winning strategy...,61,"I am not a financial analyst or business analyst in any way. In no way should this be taken as advice by anyone or acted on in any way. I am, however, a stock-trading gamer who is currently sipping Pinot while writing this up for your wife's boyfriend to read on the toilet later tonight, all because of the $GME gains.  


Haha gotcha. HOLD! Sorry, Musk, but once my shares head into space the only thing you are gonna be able to brag about is that you land spent rockets on sea platforms.  


GameStop is still a viable company. Make me CEO (or at the very least a VP of some sort) because my Pinot-drinking ass has some baller ass ideas.  


(1) GameStop needs to start an active campaign with gamers protesting our inability to physically own property that we purchased. When I bought *Legend of Zelda* in its sweet metallic cartridge, I was able to sensuously rub my fingertips along theÂ gold cartridge,Â savoring the pattern of oily smudges myÂ callused hands left. I was able to trade it or sell it to someone, not to mention smell it. There was value in the game beyond just playing it. I could even sell it to GameStop for a whole dollar if I so chose.Â 

GameStop needs to be louder about this.  


PokÃ©mon card collecting is still going strong. Folks are chasing physical cards, but what they are not doing is jumping to use the online codes shoved into each pack. Those are meaningless compared to the cards themselves. There is still a lot of demand for physical property, and this can be observed by thousands of gamers who wait in line for physical disk releases, many of whom are paying extra for â€˜deluxeâ€™ versions of their game.  


(1a) GameStop can use this buzz to make agreements with Microsoft, Sony and Nintendo (and others of course) to allow them to sell â€˜ownableâ€™ versions of digital games. Yes, digital is nice and convenient, but do I own my copy? Can I trade it or sell it for a different game? Allow us to do this with digital copies and GIVE THE POWER BACK TO THE PLAYERS. GameStop can step in and buy back and resell digital keys on their website.  


(2) GameStop needs to become involved in sponsorship of competitive gaming. HEAVILY! They should have a goal to become the go-to name in that rising sport. Why canâ€™t they host competitions with buy-ins and payouts similar to professional poker tournaments? Why think of the GameStop brand as a simple brick-and-mortar retailer? Amazon sold books, for shitâ€™s sake, now they are selling everything cheap East-Asian labor can produce while at the same time hosting web services. The sky's the limit.  


That's all I've got for now. I see three possible outcomes to this post: downvoted or disappeared into the dark void of Reddit newÂ (most likely); a series of shit posts about my wine (what are you degenerates drinking? Don't talk to me about your whiskey dicks); or, my personal preference, a running list of â€˜$GME go burrrâ€™ and â€˜HOLDâ€™ responses. To the moon, babies.

PS: George Sherman, if you are reading this, DM me... I cum cheap."
2021-02-01 01:20:18,Loading the guillotine,63,
2021-02-01 01:19:02,GME should ice the cake and commit to a YOLO of their own,92,"Dear GameStop Decision Makers,

It would be pretty badass if you gave back by committing to a YOLO of your own. 

Took in a lot of new proceeds after we saved your behind? Buy AMC. Not the stock, the company!

E-Sports arena, anybody?

With Love & (barely any) Tendies,
Leo


More shit:....

so, if gamestop and AMC merge, GME can try to bring back the arcade to some small extent (there are various ways that I see to go about this) and in that way, parents have less expensive baby sitters because they can take a date night and drop their kids at the arcade for a couple of hours to have some fun. If dad wants to, he can step out of the movie to use the restroom and check on the kids real quick. Kids get to play Call of Duty or Galaga or Animal Crossing. Us diamond-handed motherfuckers get to bring back nostalgia companies and get rich in the process that way we can go spend more money and GameStop and AMC.

more More Shit:
Even a merger would be cool. GME does not necessarily need yo buy AMC.

Extra side of shit: 
E-sports comps during the day and then matinee in the...matinee time.

Man I have to pee right now:
I should clarify that I donâ€™t see this happening at all. It would be amazing, but this is corporate America and shit is not as black and white as we make it seem here. With that, I would really love it if this came to fruition. Until then, it shall remain an active traders fan-fiction pipe dream ğŸ˜„



I do think that AMC and GME should give the people what they want though."
2021-02-01 01:17:59,Its not much but doing my part,125,
2021-02-01 01:14:51,"HOW TO SAY HOLD IN EVERY LANGUAGE, THIS IS A GLOBAL MOVEMENTğŸ’ğŸ™ŒğŸ¼",406,"EUROPEAN RETARDS:

Albanian: mbaj, Basque: Eduki, Belarusian: Ñ‚Ñ€Ñ‹Ğ¼Ğ°Ñ†ÑŒ, Bosnian: Äekaj , Bulgarian:Ğ·Ğ°Ğ´Ñ€ÑŠĞ¶Ñ‚Ğµ, Catalan: mantenir, Corsican: tene, Croation: drÅ¾ite, Czech: drÅ¾et, Danish: holde,Dutch: houden, Estonian: hoidma, finnish: pida, French: tenir, Frisian: halde, Galician: manter,German: halt, Greek: ÎšÏÎ±Ï„Î®ÏƒÏ„Îµ, Hungarian: tart, Icelandic: Halda, Irish: shealbhÃº, Italian: tenere, Latvian: turiet, Lithuanian: laikyti, Luxembourgish: halen, Macedonian: Ğ´Ñ€Ğ¶Ğ¸, Maltese: istiva, Norwegian: holde, Polish: utrzymaÄ‡, Portugese: aguarde, Romanian: È›ine, Russian: Ğ´ĞµÑ€Ğ¶Ğ°Ñ‚ÑŒ, Scottish Gaelic: grÃ¨im, Serbian: Ğ´Ñ€Ğ¶Ğ°Ñ‚Ğ¸, Slovak: drÅ¾aÅ¥ , Slovenian: drÅ¾i, Spanish: sostener, Swedish: hÃ¥ll, Tatar: toty, Ukranian: ÑƒÑ‚Ñ€Ğ¸Ğ¼ÑƒĞ¹Ñ‚Ğµ, Welsh: dal, Yiddish: ×”××œ×˜

ASIAN RETARDS:

Armenian: ÕºÕ¡Õ°Õ¥Õ¬, Azerbaijani: saxlamaq, Chinese: ä¿æŒ, Georgian: áƒ’áƒáƒ›áƒáƒ áƒ—áƒáƒ•áƒ¡, Gujarati: Pakaá¸Ä« rÄkhavuá¹, Hindi: à¤ªà¤•à¤¡à¤¼, Hmong: tuav, Japanese: ãƒ›ãƒ¼ãƒ«ãƒ‰, Kannada: à²¹à²¿à²¡à²¿à²¦à³à²•à³Šà²³à³à²³à²¿ , Kazakh: Ò±ÑÑ‚Ğ°Ò£Ñ‹Ğ·, Khmer: áŸá„áŸ’á€ááŸ‹ , Korean: ë³´ë¥˜ , Kyrgyz: kapmoo, Lao: àº–àº· , Malayalam: à´ªà´¿à´Ÿà´¿à´•àµà´•àµà´•, Marathi: à¤§à¤°à¤¾ , Mongolian: Ğ±Ğ°Ñ€Ğ¸Ñ… , Nepali: à¤¸à¤®à¤¾à¤¤à¥à¤¨à¥à¤¹à¥‹à¤¸à¥ , Odia: à¬§à¬° , Pashto: Ù†ÛŒÙˆÙ„ , Punjabi: à¨ªà¨•à©œà©‹ , Sindhi: Ø¬Ù‡Ù„ÙŠÙˆ , Sinhala: à¶…à¶½à·Šà¶½à·à¶œà·™à¶± à·ƒà·’à¶§à·’à¶±à·Šà¶±, Tajik: Ğ½Ğ¸Ğ³Ğ¾Ò³ Ğ´Ğ¾Ñ€ĞµĞ´ , Tamil: à®ªà®¿à®Ÿà®¿, Telugu: à°ªà°Ÿà±à°Ÿà±à°•à±‹à°‚à°¡à°¿ , Thai: à¸–à¸·à¸­ , Turkish: Ambar, Turkmen: tut, Urdu: Ù¾Ú©Ú‘Ùˆ , Uyghur: hold, Uzbek: ushlab turing, Vietnamese: giá»¯

MIDDLE EAST RETARDS:

Arabic: Ù…Ø¹Ù„Ù‚ , Hebrew: ×œÖ°×”Ö·×—×–Ö´×™×§ , Kurdish: rawestan , Persian: Ù†Ú¯Ù‡ Ø¯Ø§Ø´ØªÙ†

AFRICAN RETARDS:

Afrikaans: hou, Amharic: á‹«á‹, Chicewa: grirani, Hausa: rike, Igbo: jide, Kinyarwanda: komeza, Sesotho: tsoare, Shona: bata, Somali: qaban, Swahili: qaban, Xhosa: bamba, Yoruba: mu, Zulu: ubambe

AUSTRONESIAN RETARDS:

Cebuano: naghupot, Filipino: humawak, Hawaiian: pa'a, Indonesian: **MEMEGANG,** Javanese: terus, Malagasy: minhazona, Malay: **MEMEGANG,** maori: mau, Samoan: uumau, Sundanese: nahan

DEAD RETARDS:

Latin: Habere

TLDR: HOLD ğŸ’ğŸ™ŒğŸ¼"
2021-02-01 01:14:10,Americans: taxes on tendies,71,"Have been seeing a lot of posts on taxes without details on what/where you owe (and confused apes in the comments). Here are the basics (not a professional cpa; just someone offering some basic advice):

If you are trading in a tax-exempt account (IRA, Roth IRA, 401k, etc): congratulations, you donâ€™t have to worry about taxes on your tendies (at least for now)

If you are trading in a standard brokerage account, keep reading:

1) if you bought and sold a stock for a profit within 365 days,* the profit is considered short term capital gains. However, all cap gains/losses are considered together (write off losses against gains). 

Example: you bought $10k GME Jan 1. Sold GME in April (diamond hands) for $1,000,000. That is $990k profit. Now if you decided youâ€™ve had enough for the year and ride off into the sunset, you owe taxes on the $990k. The tax rate will depend on other income you have. It is taxed as regular income tax. Look up your marginal tax rates for state and federal income tax for your situation (ie married filing jointly would pay lower taxes vs single). Rule of thumb: set aside 40% (usually will be more than enough). 

Example 2: However letâ€™s say you are regarded and try to gamble it all on options in July 2021. Sadly, your $990k is a total loss. Over the net of this tax year, you have no gains/no losses. You owe no additions taxes. 

2) now, if you bought GME Jan 1 and missed the squoze and finally decide to sell in February 2022 for a reasonable gain of $2,000, you have now achieved one of the rich ppl cheat codes for taxes.  That $2k will be taxed at the long-term cap gains rate for tax year 2022. For 2020 tax year, those tax brackets (single filers) are 0% if your total income is less than $40k, 15% for income between 40 and 440k, and 20% if over that). Note there may also be a state cap gains tax as someone mentioned CAâ€™s is 13-14% (please confirm for your state). If you have other losses, you can write those off against the gains same as before. 

Also tip: all of this is SUPER easy to do in TurboTax. TurboTax automatically links to most big name brokerage accounts and all the calculations of what sold when for how much at what cost basis is done automatically. Itâ€™s super easy to use even you apes can use it. If you have a simple tax situation (eg just your tendies and your regular 9-5), just go with TurboTax. They also have a pro version where you can speak to a cpa if you need help. 




*365 days for short term depends on holding period for asset but yes basically this + 1 day for stocks (ie buy Jan 1, 2021.. sell before Jan 2, 2022, it is short term)


Edit to add: potential state cap gains taxes"
2021-02-01 01:14:08,Stress Management In Planning,65,"ğŸ¦ğŸ¦ HOLD ğŸŒğŸŒ

##NOW THAT I HAVE YOUR ATTENTION

I am not well versed in stocks, but I am very experienced with high stress situations. This is particularly  true with planned out high stress scenarios where after running through a plan a million times, I have to live with the idea in my head for hours or days prior to execution. **The only way I stay sane, is I make a plan I can live with, get to know it inside and out, and forget about it.**

&#x200B;

The advanced knowledge of an unpredictable, uncontrollable, and dangerous situation ahead can do a motherfucking number on anyone's cognition. What is most important is to not allow fear or emotion change the way a problem is approached. There is a ***reason*** why the plan was made prior, in the calm. Remember, we are dumb-ass ğŸ¦ğŸ¦ figuratively and quite literally.

&#x200B;

**Everything you do should be done with calm intent.** That means, if you planned to hold no matter what, **DO NOT WATCH THE FUCKING TICKERS OR THE NEWS.** If you plan to buy more, set your limits below market to help attack the short ladders when they come and **DO NOT WATCH THE FUCKING TICKERS OR THE NEWS.** If you plan to ~~sell~~ buy, set your limits and **DO NOT WATCH THE FUCKING TICKERS OR THE NEWS.** If the mechanisms of execution have already been decided, why waste precious head space doubting the plan? Go have a ğŸŒğŸŒ if tempted to peek.

&#x200B;

The moment a plan is changed based on emotion without vetted, new information is a mistake 99.9999% of the time. In this case, having an open mind during the trading day is a bad idea. The time for open-mindedness was the day prior, while peacefully eating oatmeal or Teddy Grahams. Allowing a plan to be adjusted without reason is terrible in life and in STONKS.

&#x200B;

Problem solving works by changing one variable and observing the results. If a plan is changed several times during the course of execution it will be hard to discern where mistakes were made. This makes improvement very hard, and sometimes impossible.

&#x200B;

###TL;DR **Make your own plan, ask yourself if you can accept the positive or negative outcome, and FUCKING STICK TO IT.** No matter the outcome, you will be more peaceful internally and more able to make better choices next time. Calm ğŸ¦ > Panicked ğŸ¦

&#x200B;

###$GME for the $PEOPLE, HOLDING MY 148 SHARES AND SETTING BUY ORDERS FOR MONDAY MADNESS. Oh and fuck the ğŸš€ğŸš€ğŸŒœğŸŒœ we are headed straight for Uranus ğŸš€ğŸš€ğŸªğŸª

&#x200B;

**DISCLAIMER : This is a Wendy's and we never sold Funeral Porn âš°âš°**

Edit : Forget to type in Markdown Mode. I am ğŸ¦"
2021-02-01 01:13:47,Bed Bath and to BEYOND,12,
2021-02-01 01:13:25,"Happy Cake Day, Wallstreetbets.",1172,
2021-02-01 01:12:31,$NOK Holding Strong,74,
2021-02-01 01:12:21,A post from r/ClassActionRobinhood that I wanted to share here. The analyst whistleblower guy clearly missed one part - HOLD! ğŸ’ğŸ‘ğŸš€ğŸŒš,31,
2021-02-01 01:11:26,Me too,895,
2021-02-01 01:09:37,the little guys are doing their part ğŸ¤™ğŸ½,93,
2021-02-01 01:08:01,Young college retard holdingğŸš€ Monke STRONG TOGETHER ğŸ¦ğŸ’âœ‹,110,
2021-02-01 01:37:57,"SEC, DOJ, 60 Minutes â€“ Public data suggests massive securities fraud in which hedge funds and institutions have created more Gamestop shares than actually exist for delivery",1,"Obligatory emoji ğŸš€

**Short Version:**
The short version is that a review of the **'strategic failsâ€“toâ€“deliver'** data indicates that institutional insiders may have counterfeited a massive number of Gamestop shares which is why they tried to stop retail investors from buying more shares on Thursday.

There are are **71 million shares** of GME that have ever been issued by the company. Institutions have reported to the SEC via 13F filings that they own more than **102,000,000** shares (including the 13% of GME stock is owned by Ryan Cohen).  That is already 30,000,000 shares more than even exist.

On top of the shares reportedly owned by institutions, retail investors may currently hold 50+ million shares (counting both  long holdings and call options â€“ both ITM and OTM).  

Once you include call options, **retail investors may already hold more than 100% of GME (not just 100% of the float, more than 100% of the actual company)**. This would be definitive proof of illegal activity at the highest levels of the financial system.


**Long Version:**
A more detailed analysis by /u/johnnydaggers is here. This chart is also from /u/johnnydaggers:
[Link to original analysis](https://old.reddit.com/r/wallstreetbets/comments/l97ykd/the_real_reason_wall_street_is_terrified_of_the/?utm_source=reddit&utm_medium=usertext&utm_name=wallstreetbets&utm_content=t1_glj2msx
)"
2021-02-01 02:09:06,Archer Daniels Midland (ADM) - Sustainable AG,0,"* Company: Archer Daniels Midland
* Ticker: ADM
* Headquarters: Chicago, IL, USA
* Market Cap: 27.8b
* Sector: Food Processing
* Company Background: Archer-Daniels-Midland Company procures, transports, stores, processes, and merchandises agricultural commodities, products, and ingredients in the United States and internationally. The company operates through three segments: Ag Services and Oilseeds, Carbohydrate Solutions, and Nutrition. It procures, stores, cleans, and transports agricultural raw materials, such as oilseeds, corn, wheat, milo, oats, rice, and barley. The company also engages in the agricultural commodity and feed product import, export, and distribution; and structured trade finance activities. In addition, it offers vegetable oils and protein meals; ingredients for the food, feed, energy, and industrial customers; crude vegetable oils, salad oils, margarine, shortening, and other food products; and partially refined oils to produce biodiesel and glycols for use in chemicals, paints, and other industrial products. Further, the company provides peanuts, tree nuts, peanut-derived ingredients, and cotton cellulose pulp; sweeteners, corn and wheat starches, syrup, glucose, wheat flour, dextrose, and bioproducts; alcohol and other food and animal feed ingredients; ethyl alcohol and ethanol; corn gluten feed and meal, as well as distillers' grains; and citric acids. Additionally, the company provides natural flavor ingredients, flavor systems, natural colors, proteins, emulsifiers, soluble fiber, polyols, hydrocolloids, and natural health and nutrition products, including probiotics, prebiotics, enzymes, and botanical extracts; and other specialty food and feed ingredients; edible beans; formula feeds, and animal health and nutrition products; and contract and private label pet treats and foods. It also engages in futures commission merchant and insurance services. The company has a partnership with Hospital de Sagunto. The company was founded in 1902 and is headquartered in Chicago, Illinois.

**Picture so you don't have to read the above wall of text:**

&#x200B;

[Business Model](https://preview.redd.it/1mmpip54vre61.png?width=692&format=png&auto=webp&s=469ed683de39ef92791366cad07a456f85022347)

Financials:

&#x200B;

*Processing img pvu84thavre61...*

&#x200B;

*Processing img 138qf7xbvre61...*

&#x200B;

[Statement of Cash Flows \(SCF\)](https://preview.redd.it/31sb400fvre61.png?width=649&format=png&auto=webp&s=de8a6f39fae033a4141694759213646327ddc741)

&#x200B;

[Competitor Comparison ](https://preview.redd.it/nc4x85ujvre61.png?width=1105&format=png&auto=webp&s=4005f513909db53b83d5cf2006c6ab673e623c51)

&#x200B;

*Processing img k34id5qnvre61...*

**ADM and Future for Sustainable Agriculture and Cost Reduction**

Ok, supposedly everyone cares about sustainable business models and the environment nowadays. Which they should. But sometimes it is a little more complicated than just buying an electric vehicle. Food production is a massive contributor to global CO2 emissions. See: [https://www.sciencedaily.com/releases/2020/05/200507104446.htm](https://www.sciencedaily.com/releases/2020/05/200507104446.htm) (TLDR: Soybean trade is bad for the environment.)

Soybean and Corn is currently processed for animal feed. But guess what, you can create animal feed with minimal land, space and water. How? The answer is insect protein.

&#x200B;

*Processing img wjmo0jkiwre61...*

Insect Protein Animal Feed Industry

Archer Daniels Midland (ADM) and InnovaFeed plan to begin building what will be the worldâ€™s largest insect protein facility in 2021 in the city of Decatur in central Illinois.

PROS:

\- Black soldier fly larvae eat non-compostable food waste bound for landfills + produce hundreds of times more protein per acre than traditional animal feed sources. This will be attractive to the public with the growing consciousness of environmental sustainability.

\- Current animal feed is sourced from soybean meal and corn meal. The massive quantities of corn and soybean farming requires large amounts of land and water. Insects can be grown indoors, requiring far less land and water.

\- **Not only does the farming of insects decrease CO2 emissions in itself, these insects eat and feed on WASTE. This food processing decreases CO2 emissions AND reduces landfill waste.**

&#x200B;

CONS:

\- Insect food processing is still not cost competitive with traditional animal feed; however, innovation and sustainability always comes with a cost.

[https://www.forbes.com/sites/scottcarpenter/2021/12/31/worlds-largest-insect-protein-farm-signals-future-of-food-supply/?sh=4309e14606a9](https://www.forbes.com/sites/scottcarpenter/2021/12/31/worlds-largest-insect-protein-farm-signals-future-of-food-supply/?sh=4309e14606a9)

# TLDR

\- ADM is currently holding 10% less market cap while trading at a lower P/E and P/S. (Compared to CTVA, it's biggest competitor.)

\- ADM provides 2x the annual dividend (Compared to CTVA, its biggest competitor.) AKA BOOMERS LIKE DIS STOCK TOO.

\- ADM shows consistent (although slow) year over year growth. Current financials do not project ADM to be a growth stock. I believe this what causes it to trade at such a low price to earnings ratio (50% lower than market average); however, I believe their initiative for a more sustainable business model will change this in the long term.

\- Insect farming reduces required land and water. You can literally raise these in a small indoor facility anywhere in the world...or even the moon. Insect farming has potential to be much cheaper than current business models. Insect farming reduces CO2 emissions and they feed for landfill waste. You can grow feed for livestock while reducing the amount of landfill waste AND reducing CO2 emissions.

Positions: I am only holding shares at the moment. As we are seeing a current market pull back, I will most likely enter LEAPS 1/20/2023 $55C. This allows time for the insect protein segment to develop. Who knows, maybe they can even get government tax incentives for this sustainable initiative."
2021-02-01 02:08:40,BUYING 260 MORE ON MONDAY AT OPEN HOLD,29,
2021-02-01 02:06:13,I threw all my rent money into this about a week ago. You guys please help me move out of this shit house. Iâ€™m holding till I can buy a mansion ğŸ’ğŸ™ŒğŸ»,60,
2021-02-01 02:05:55,WSJ Gay Bears ğŸŒˆ ğŸ» Again,28,
2021-02-01 02:05:15,"""But how are you apes so strong together?"" The Answer:",49,
2021-02-01 02:05:37,"$AMC, $SLV, and $NOK have over taken $BB as 2nd-4th most mentioned tickers on WSB vs. last week.",29,
2021-02-01 02:04:25,"Trading 212 has a maximum limit price of $2,828.52",19,
2021-02-01 02:04:19,Trading Limits on Monday to 1 share of GME,62,"I'm angry. I'm utterly furious. I'm absolutely livid.  These CUNTS cannot get away with this. Do you all understand the amount of data mining, mathematical modeling, analysis and general fuckery that has to happen for Robinhood to come up with the exact table in the article? They know the open interest data, they know that if they open the flood gates they will be reamed in their assholes by the almighty Zeus himself so they restrict trades to ONE SHARE. 

NO OTHER BROKERAGE FIRM IS DOING THIS. ONE SHARE. This is beyond market manipulation, this is rigging the game against customers who can't transfer shares, money, open accounts, on the weekends. 

So be assured there will be shit that goes down on Monday but these clowns are scared. If anyone has watched the scene where Selena Gomez explains CDO's in the Big Short I urge you to commit that fucking scene to memory because we're seeing it all over again. 

MOVE TO A DIFFERENT BROKERAGE and goddamit it this IS financial advice. This is America, we do NOT capitulate to financial terrorists. 

[https://www.cnbc.com/2021/01/31/robinhood-to-continue-trading-limits-on-monday-customers-can-still-only-buy-one-gamestop-share.html](https://www.cnbc.com/2021/01/31/robinhood-to-continue-trading-limits-on-monday-customers-can-still-only-buy-one-gamestop-share.html)"
2021-02-01 02:03:06,This week the ğŸŒˆğŸ» at Melvin will drink our piss! $GME $BBğŸš€ğŸš€,53,
2021-02-01 02:03:20,"Reasons why GME is unique, and reasons why no thereâ€™s no next GME",19,"TLDR: GME is probably the first/only stock that is going to have a squeeze, if there is going to be one. There CAN be no squeeze for GME, but other stocks have much less probability of having a squeeze.

1. GME has a short interest of 100% float, which is unique for now. (but not very uncommon in the history.)

2. GME has very limited convertible bonds (based on my understanding of the financial report). Unlike amc where institutions can simply convert their bonds into float shares.

3. GME will have a good cash flow due to console cycle, and has more cash than debt based on last report. Not many other meme stocks are earning money right now. So the company can survive without an offering. Making the company as a whole ğŸ’ğŸ–ï¸

4. GME has a large group of ğŸ’ğŸ–ï¸, you can barely see any other stocks have so many big balls and diamond hands, even in the history of the sub. I personally did not see many ğŸ’ğŸ–ï¸ for other stocks in this sub. I guess other stocks just have so many paper hands. As a result, other stocks are less likely to have a squeeze.
(Another stock has so many diamond hands in this sub is probably TSLA.)


5. GME itself is in part of the history right now. It definitely has some historical value.


6. GME just change its board. Ryan Cohen is going to help manage the business in his own interest. The other stocks may have board against the interest of WSBs.( they may claim to help the company â€œin the long termâ€ and harm share holders who only want to play the squeeze."
2021-02-01 01:56:42,We like the movies,147,"Mods please I worked hard on this ğŸ¥ºğŸ‘‰ğŸ»ğŸ’ğŸ‘ˆğŸ». With so many new members and the current state of technology, I suppose two rockets ğŸš€ğŸš€ will be needed to take millions to The MoonğŸŒ .

# Who doesnâ€™t? 

Hedge fund ğŸ’¯ millionaires with private movie theaters built into their McMansions. Why would they ever downgrade and go to the communal theater? Thatâ€™s the millionaireâ€™s equivalent to pooping ğŸ’© in a Del-Taco. This is another reason of hedge funds have no problem dismantling movie stonks. 

The peasant class, however, is not blinded by their excess of shiny golden coins. For once, **the people have an insight missed by wallstreet.**

# We like it.

Regular people(the 99%) will go back to the movies. Not only are theaters intergenerational, but also they are social hubs. I can see why people fearing COVID have stayed away, but we know vaccines are gonna keep coming.

I already have been. I even bought a $10 popcorn and a $5 soda. While I snuck in some candy, in hindsight I was ripped off. However, I donâ€™t give a fuck. I had a great time and immersive experience I canâ€™t have in my own home. I will go more.

## We like it

Just as a thought exercise, think of some reasons why you would go (doesnâ€™t work if you are filthy rich. GTFO wallstreet).

- Grandma wants to see magic mike on big screen

- Family movie night to pretend yâ€™all are bonding

- took girl on date their because because then I wonâ€™t have to conversation (autist, it worked)

- take girlfriend on date at movies because weâ€™ve been together for years and have nothing to conversation about 

- Star Wars â„¢ï¸ drops a new movie, every showing is packed for the next few weeks.

Iâ€™m gonna end the list here before I give too much insight to the rich, but if you are poor like me I encourage you to continue this thought exercise. Movie theaters have been central to film culture since early 20th century. The wealthy are losing touch with plebeian culture, letâ€™s make them pay for itğŸš€ğŸš€.

For the illiterate:
(ğŸš€ğŸš€>ğŸš€)ğŸ†™ğŸ†’ğŸ¦ğŸ…°ï¸â™ï¸â˜ªï¸

I am in no way a financial advisor. Iâ€™m just as retarded as the next retard. If you take this as advice, you may also be retarded. Reach out to your doctor and see if being a retard is right for you."
2021-02-01 01:55:41,Let's End a Disease,113,"So in 2014, the [Ice Bucket Challenge](https://www.als.org/stories-news/ice-bucket-challenge-dramatically-accelerated-fight-against-als) was a thing. Many didn't even know what it was a charity for when they dumped ice water on their head. But about 25% donated.

The result was an influx of cash that [catalyzed the scientific research](https://www.nature.com/articles/550S113a) that will one day basically end ALS.

When the battle is over ğŸ’âœ‹ğŸ’âœ‹ğŸ’âœ‹, we're going to have a lot of people with money to donate for tax benefits and also to spread the wealth as many are already doing.

# IF WE FOCUS OUR DONATIONS, WE CAN PICK A DISEASE AND END IT. ğŸ‘©â€âš•ï¸ğŸ‘©â€âš•ï¸ğŸ’‰ğŸ¥ğŸ’âœ‹

I nominate Alzheimer's Disease cause fuck that fucking disease.

But I'd also like to spend the next few days researching some potential candidates.

Please comment if you have thoughts or nominations.

ğŸ’ğŸ’ğŸ’âœ‹âœ‹âœ‹ğŸš€ğŸš€ğŸš€ğŸš€ğŸš€ğŸš€

#"
2021-02-01 01:53:50,Proposal to have WSB get a seat on the GameStop board,47,"I read over u/johnnydaggers post [HERE](https://www.reddit.com/r/wallstreetbets/comments/l97ykd/the_real_reason_wall_street_is_terrified_of_the/). If it is true that retail collectively owns 100% of Gamestop, and WSB probably makes up 30-50% of the ownership, we should organize to elect someone to represent our interest in the company.

We actually could have real influence on how the company could be run. We could write up proposals and vote on the best strategy we think GameStop should take moving forward.

We would need to find someone here who has some corporate experience and would be willing to take on this responsibility.

It may be tricky to quantify exactly how many shares WSB collectively owns. I wonder if we could ask Robinhood to give us the numbers of shares that are held collectively in Robinhood, and use that as a starting point to figure out what the percentages look like. Robinhood released the # of shares held on Robinhood a year ago, we could elect a representative to communicate with Robinhood's higher ups to have them release the numbers to us.

Side note: If more than 100% of total outstanding shares of GME is held on Robinhood, then we know that there is some shady counterfeit stock accounting going on. That would open up a whole new can of worms.

Thoughts on this?

Edit: Probably would create a lot of legal trouble and might actually be illegal. Also might be on the hook for market manipulation. Still, its fun to think about."
2021-02-01 01:53:09,The Silver Squeeze is a hedge-fund coordinated attack so they can keep fighting the $GME fight,376,"If you havenâ€™t been browsing WSB or doing your own research, youâ€™d probably think that the people on Twitter are correct in saying there is a silver squeeze happening and we should all get in on it. There are quite a few wsb-logo Twitter accounts pushing this. This is BS & the straight up the ANTITHESIS of who we are. 

By buying silver/going long on silver, you would be directly putting money into the pockets of the EXACT HEDGE FUNDS ON THE OTHER SIDE OF $GME ğŸš€ ğŸš€ ğŸš€ ğŸ’ ğŸ™Œ  The hedge funds are LONG silver NOT short silver.

The media, Wall Street, normies, and every other non-WSB autist are trying to push you to buy silver. This would be a tragic, irreversible decision that not only will most likely not make you any money because the squeeze is fake, it will put you on the sidelines from this righteous and glorious war we are in. 

If you are looking for alternative investments to GME, Iâ€™d recommend simply getting in on the $BANG GANG- Blackberry, AMC, Nokia, and GME. 

For the feds and the media and all the dumb people reading this, I am the last thing from a financial advisor and am a complete, 100%, full retard autist. 

BANG GANG CHEEEEEEEHOOOOOOOOO"
2021-02-01 01:52:16,"I joined the fun a little late and had a limited budget to work with, but boy am I glad to be along for the ride with all of you fellow autists! TOMORROW THE ğŸš€s FOR GME AND AMC TAKE OFF TO THE ğŸŒ™",130,
2021-02-01 01:48:39,Why Robinhood is not the enemy,0,"Robinhood was a great idea for Citadel.  Make a sexy and â€œgamifiedâ€ stock trading interface and market it to the masses, then use the data to make better trades.  

But somehow I think this beast has gotten away from them.  Suddenly the masses are more interested than ever in the stock market.  They are sharing their ideas and experiences in an open forum and finding out that they are actually in agreement on what stocks to buy.

Here is the problem; hedge funds pay billions of dollars for our data to companies like Robinhood, Facebook, and Mastercard.  They spend billions more on algorithms and the fastest systems just to make trades on companies that WE ARE SUPPORTING.  What value is any of that if you already bought a share of MCD on Robinhood before you even paid for your cheeseburger?  We can suddenly beat them at their own game.

I think the next logical step in this progression is that Robinhood goes down hard, Robinhood users get settlement cuts of a few hundred dollars, and we feel like we really stuck it to the man, but did we?

Robinhood is the best weapon we have right now to arm the lower class with the same weapons as these hedge funds, and they are more than happy to nuke it before we realize.  Sure most out there will move over to other brokers but letâ€™s face it, other brokers like TD and Fidelity are intimidating to begin trading on, and wonâ€™t encourage the everyday masses to learn more about money.

So feel free to take your money elsewhere and by all means make Vlad and those rich assholes at the top of Robinhood pay.  But ask yourself why Ted Cruz agrees with AOC on going after Robinhood, because he sure as hell doesnâ€™t care about retail traders.

The very value of everything is being rocked to its core right now.  Hell a currency with a literal endless supply shot up 1000%.  If everyone in our society can make a living swiping their phones all day, maybe Wal-Mart has to pay their employees a bit more or improve their working conditions. 

Anyway I just wanted to get these thoughts out there and say be careful where we take this."
2021-02-01 01:46:14,How to celebrate properly,191,"Edit: This is AFTER THE SQUEEZE and we made it to another galaxy!  Don't SELL UNTIL AFTER WE SQUEEZE.  If you are holding forever, great!

You did it.  Your ğŸ’ğŸ‘ paid off and you sold for your target price.  This is the process for those that will never work again.  I hope that is you.  But before you buy a Lambo or Richard Mille watch...listen up you ape.

&#x200B;

1. Take a breath.  You've got a form of mania and dopamine that will be difficult to replicate.
2. Don't tell anyone.  Personally, I haven't told my spouse about this potential windfall.
3. Taxes.  Call your richest friend and ask them for a recommendation on a CPA.
4. Meet with the CPA to understand best how to handle the financial requirements to prevent future pain.  You will ask the CPA for their best fee-based estate planning recommendation.
5. If you are paying off other people's debts, ask your CPA (step 4) what the tax implications for the recipient.
6. If you have dependents, figure out how best to plan for their future by creating a trust or something else for their future.
7. Most people here currently have health insurance.  Ask your other retired or independent friends about what they do for health insurance.  Don't forget dental and optical insurance.
8. Decide how you are going to sustain your lifestyle without a steady income.  Dividends, Market Growth, CD's, etc. (This will feel REALLY boring compared to the last few months!)
9. YOLOing into memes isn't sustainable.  But save some fun money to feed your addiction.
10. Figure out a budget!!!!!
11. Determine if you are going to let your extended family/neighbors know.  I will be going the ""consulting on my own"" route rather than ""I yoloed on a meme and got lucky"".
12. Determine what immediate thing for gratification you'll purchase or acquire or reward.
13. Determine how you will pay for it as part of the budgeting process.
14. Once you've confirmed the above, go DO the thing, travel to the place, eat tendies.

I will be paying off all outstanding lunch debt in my district for the elementary schools.

Hungry kids can't learn and that pisses me off.

&#x200B;

ğŸ’ğŸ‘ to the moon.  This is not financial advice.  I'm literally an idiot.

\-TwoByTwoStuck

1486 shares @ \~$110 average.

Buying the dips bitches."
2021-02-01 01:45:11,"Iâ€™ve never done anything with stocks before. However, I see change all the time and have always wanted to help bring it about. Even if I only got 3 shares, Iâ€™m proudly able to say, â€œI did my part.â€",129,
2021-02-01 01:44:55,"Goldman and IB execs claim wsb trend could take down the system. If so, it's an easy solution cover your shorts and this nightmare will all be done.",131,
2021-02-01 02:22:31,"What u think, am I a paper hands bitch?",1,
2021-02-01 02:22:19,"To no one's surprise, Robinhood will continue its 1 GME share limit tomorrow ğŸ¤¡",1,"Tomorrow, [Robinhood will continue trying to fuck us like our wives boyfriends fuck our wives.](https://www.cnbc.com/2021/01/31/robinhood-to-continue-trading-limits-on-monday-customers-can-still-only-buy-one-gamestop-share.html) But how can we fuck them back? 

For those of us who haven't migrated to a more investor friendly platform, they are still allowing purchase of up to 5 options contracts. There's nothing stopping those of you who like this stock from buying itm contracts and exercising them as soon as you can. Turning a 1 share limit into a 501 share limit.

I'll be ğŸ’ğŸ–ï¸ til this wonderful stock hits 100k.

Thank you and fuck Robinhood.  ğŸ¦ğŸŒğŸ¦ğŸŒğŸ’ğŸ–ï¸ğŸ’ğŸ†"
2021-02-01 02:21:54,Autistic Retard Lost In A Wendyâ€™s YOLOâ€™D 100% OF HIS NETWORTH. DADDY SAW IT DROPPED AND DADDY REALIZED HE HAD ğŸ’ğŸ¤²ğŸ½ğŸ’ ğŸš€ğŸš€ğŸš€ğŸš€ğŸš€ğŸ’,1,
2021-02-01 02:16:55,They call us BASEMENT BANDITS. That's why we need to like the stock ğŸš€ğŸš€ğŸš€ğŸš€ğŸš€ğŸš€,78,
2021-02-01 02:15:38,I went to the Gamestop website to see who owned how many shares,32,"Like the title says I went to the site to see who owned how many.

Link: https://news.gamestop.com/stock-information/institutional-ownership 

Now I'm sure I'm doing this wrong so hopefully someone can correct me but I added up all the shares held and it amounts to 72,453,478 feel free to double check. And that total doesn't include what retail may own.

Since I think there are only supposed to be 69,750,000 shares ever issued how does that make sense? 

Link: https://finance.yahoo.com/quote/GME/key-statistics/

Now before you destroy me with your words I've only been investing since May 2020 so go easy on me, I'm clearly a moron."
2021-02-01 02:14:50,I am not good at making gifs.,47,
2021-02-01 02:13:33,"Yeeting my life savings, see yâ€™all on plutoğŸš€ğŸš€",61,
2021-02-01 02:13:12,In 2007 Citadel lobbied the SEC to ban payment for Order Flows...,63,
2021-02-01 02:12:33,"For what itâ€™s worth, this is my entire savings all in GME (I am basically poor). Huge risk. But I am not selling. Win or lose, Iâ€™m raw dogging Wall Street. ğŸ’ğŸ‘ğŸš€",84,
2021-02-01 02:12:26,WSJ added an entire section to their website called â€˜GameStop Maniaâ€™ â€” would have been better if they just called it â€˜ğŸ’ğŸ‘‹ğŸ»ğŸš€â€™,24,
2021-02-01 02:11:21,Fresh batch of GME and GME gear. It aint much but its honest work.,83,
